Area_sqft,Bedrooms,Bathrooms,Age_years,Locality,Parking_spaces,Furnished_status,Metro_nearby,Floor,Total_floors,Price_lakhs
1399,3,3,1.4,Dilshad Garden,0,Semi-Furnished,0,1,1,57.57
1007,3,3,0.0,Connaught Place,1,Semi-Furnished,1,3,3,309.23
987,5,5,0.8,Dilshad Garden,1,Furnished,1,7,17,63.91
960,1,1,4.6,Lajpat Nagar,1,Furnished,0,2,6,125.52
694,3,3,1.6,Shahdara,1,Furnished,1,8,11,50.07
1514,5,5,11.0,Paschim Vihar,2,Unfurnished,0,9,10,108.75
863,1,1,4.0,Karol Bagh,0,Furnished,1,1,14,97.68
1479,3,3,15.2,Pitampura,1,Unfurnished,0,3,4,85.84
570,3,3,28.5,Defence Colony,1,Semi-Furnished,1,1,8,64.13
954,3,3,18.1,Preet Vihar,1,Semi-Furnished,1,1,2,40.74
633,4,4,9.5,Khan Market,1,Unfurnished,0,4,7,125.28
1749,4,4,0.9,Ghaziabad,1,Unfurnished,0,5,9,65.46
761,2,1,2.0,Rajouri Garden,1,Unfurnished,0,1,2,80.47
432,2,1,7.5,Khan Market,1,Unfurnished,0,2,12,70.18
400,3,3,0.7,Preet Vihar,1,Unfurnished,1,11,12,26.13
1405,2,2,9.5,Defence Colony,1,Semi-Furnished,0,3,9,254.31
912,4,4,5.8,Karol Bagh,0,Unfurnished,0,10,19,100.73
1525,4,4,6.0,Khan Market,2,Furnished,1,9,18,407.95
1586,4,4,4.1,Connaught Place,1,Unfurnished,0,3,18,340.99
1427,5,5,2.9,Khan Market,1,Semi-Furnished,0,1,14,348.0
668,2,2,10.2,Connaught Place,1,Semi-Furnished,1,2,3,147.9
1169,4,4,12.7,Connaught Place,1,Semi-Furnished,0,3,14,260.54
1792,1,1,5.1,Vikaspuri,2,Unfurnished,0,17,19,103.29
2048,5,4,2.9,Connaught Place,1,Unfurnished,1,3,19,719.75
846,3,3,1.2,Dwarka,2,Semi-Furnished,1,7,13,108.33
1562,4,4,19.6,Lajpat Nagar,1,Furnished,1,12,13,177.66
576,3,3,1.3,Preet Vihar,0,Furnished,0,1,1,39.33
1824,2,2,0.7,Janakpuri,0,Semi-Furnished,1,1,1,152.05
677,3,3,1.6,Rajouri Garden,1,Unfurnished,1,6,7,64.54
1274,3,3,4.6,Defence Colony,0,Unfurnished,1,1,1,274.44
1105,1,1,5.1,Connaught Place,1,Semi-Furnished,0,4,19,266.98
1149,3,3,15.5,Vasant Vihar,1,Semi-Furnished,1,12,19,166.21
1834,3,3,22.7,Defence Colony,2,Semi-Furnished,0,3,3,207.03
1033,3,3,8.5,Dwarka,0,Furnished,0,1,1,92.48
1581,4,4,13.0,Greater Kailash,0,Furnished,1,16,20,369.45
1053,3,3,6.6,Pitampura,1,Furnished,1,1,1,97.63
1205,4,4,18.1,Preet Vihar,0,Furnished,1,4,5,60.93
1965,3,3,3.2,Greater Kailash,2,Furnished,0,7,19,498.82
1330,3,3,9.3,Pitampura,2,Furnished,1,1,2,149.57
1424,1,1,34.5,Mayur Vihar,2,Furnished,0,13,18,28.38
934,1,1,6.5,Dwarka,2,Unfurnished,1,1,1,89.86
927,2,1,8.4,Connaught Place,1,Unfurnished,1,1,8,185.0
1063,5,4,28.0,Paschim Vihar,2,Semi-Furnished,1,1,1,45.89
1389,3,3,9.5,Connaught Place,1,Semi-Furnished,1,1,1,341.77
1156,3,3,1.7,Karol Bagh,1,Semi-Furnished,0,17,20,169.01
942,3,3,1.1,Defence Colony,2,Furnished,1,2,11,217.38
707,3,3,5.2,Paschim Vihar,0,Semi-Furnished,0,17,20,42.35
1154,3,3,0.5,South Extension,1,Semi-Furnished,1,5,18,260.27
1570,2,2,1.8,Connaught Place,2,Semi-Furnished,0,2,13,394.67
869,3,3,11.8,Shahdara,2,Semi-Furnished,1,17,18,39.89
1458,3,3,1.2,Khan Market,1,Semi-Furnished,0,7,7,381.13
1344,3,3,2.8,Dwarka,2,Furnished,0,10,19,182.06
1251,2,2,6.9,Rohini,0,Unfurnished,0,1,1,80.02
1347,2,2,18.2,Defence Colony,1,Furnished,1,1,2,202.59
988,2,1,1.0,Rajouri Garden,1,Furnished,0,3,4,107.76
920,4,4,0.5,Greater Kailash,2,Semi-Furnished,0,1,2,220.64
1186,3,3,10.2,Vikaspuri,0,Unfurnished,1,11,17,72.38
811,3,3,2.2,Vasant Vihar,0,Semi-Furnished,1,1,1,160.59
576,2,2,3.5,Rajouri Garden,1,Unfurnished,1,8,11,64.61
1792,2,2,18.4,Khan Market,0,Semi-Furnished,0,6,19,292.47
1118,4,3,13.1,Rajouri Garden,0,Semi-Furnished,1,6,20,92.0
1356,4,4,2.4,South Extension,1,Furnished,1,3,10,304.68
1028,5,5,1.8,Ghaziabad,0,Unfurnished,1,1,3,44.85
1506,2,2,3.7,Dwarka,1,Semi-Furnished,0,4,13,138.17
1534,3,3,5.1,Defence Colony,1,Furnished,1,14,20,352.2
997,4,4,0.4,Karol Bagh,2,Furnished,1,5,16,168.95
1417,3,3,16.8,Shahdara,2,Semi-Furnished,0,6,8,58.36
400,3,3,4.0,Khan Market,1,Furnished,1,1,1,127.74
1266,2,1,12.6,Connaught Place,1,Furnished,1,1,1,304.24
763,3,2,6.7,Dwarka,1,Furnished,0,4,9,70.92
2103,3,3,5.3,Greater Kailash,1,Semi-Furnished,1,4,13,420.0
1487,4,4,3.4,South Extension,1,Semi-Furnished,1,1,1,343.22
1272,3,2,16.5,Pitampura,0,Furnished,1,1,1,116.17
1682,2,1,0.6,Vikaspuri,2,Furnished,1,1,1,161.39
1222,3,3,0.5,Rajouri Garden,0,Furnished,1,1,1,192.86
1621,4,4,5.2,Preet Vihar,1,Unfurnished,1,1,2,89.69
400,4,4,7.0,Shahdara,1,Unfurnished,1,1,1,20.27
880,5,5,7.2,Janakpuri,1,Semi-Furnished,1,5,5,81.15
627,4,4,2.8,Dilshad Garden,1,Semi-Furnished,1,6,6,37.08
1057,2,1,11.2,Dwarka,0,Semi-Furnished,1,1,1,89.28
1394,3,2,2.0,Karol Bagh,0,Furnished,0,8,12,176.83
1104,3,3,14.2,Greater Kailash,2,Unfurnished,1,2,4,175.22
1330,3,3,13.6,Ghaziabad,1,Furnished,0,1,1,34.7
1010,3,3,15.8,Defence Colony,2,Furnished,0,14,17,199.82
666,3,3,10.8,Khan Market,1,Unfurnished,0,4,17,114.87
1641,4,4,13.5,Rajouri Garden,0,Semi-Furnished,1,7,16,193.07
840,3,3,8.0,Lajpat Nagar,1,Furnished,1,14,15,118.41
1061,3,3,3.9,Karol Bagh,1,Furnished,1,6,11,172.32
2033,4,4,1.9,Greater Kailash,1,Unfurnished,1,13,17,457.3
1350,3,3,3.5,Connaught Place,1,Semi-Furnished,1,1,2,339.8
1077,4,4,12.5,Preet Vihar,0,Semi-Furnished,1,5,14,51.13
1522,3,3,18.7,Pitampura,0,Furnished,1,1,1,112.11
1372,2,2,19.8,Vikaspuri,0,Semi-Furnished,0,1,1,55.88
1743,3,2,4.9,Dwarka,1,Semi-Furnished,0,2,10,151.46
1232,3,3,6.8,Preet Vihar,1,Semi-Furnished,1,2,9,72.11
1485,3,3,3.5,Preet Vihar,1,Semi-Furnished,1,15,17,91.75
878,2,2,10.5,Preet Vihar,0,Unfurnished,0,2,4,30.54
563,4,3,0.9,Greater Kailash,0,Furnished,1,1,1,159.1
1594,4,4,7.6,Lajpat Nagar,2,Unfurnished,1,5,12,238.89
1149,1,1,14.0,Vasant Vihar,0,Furnished,1,17,19,152.06
1051,3,3,1.3,Defence Colony,0,Unfurnished,1,5,11,206.44
955,4,4,15.9,Rajouri Garden,1,Furnished,1,3,3,101.73
1218,5,4,18.0,Janakpuri,2,Semi-Furnished,1,10,11,82.2
1946,3,3,10.6,Dilshad Garden,2,Unfurnished,0,1,1,71.2
732,4,3,9.6,Lajpat Nagar,2,Furnished,1,10,18,118.75
1052,3,2,13.6,Vikaspuri,1,Unfurnished,0,1,1,47.87
1461,2,2,0.1,Janakpuri,1,Unfurnished,1,2,9,89.55
1684,4,3,22.1,Greater Kailash,0,Unfurnished,1,1,1,180.93
476,3,2,16.4,Paschim Vihar,2,Semi-Furnished,0,7,15,25.31
1655,2,1,1.4,Khan Market,2,Semi-Furnished,1,1,1,410.18
1459,2,1,9.1,Rohini,0,Furnished,0,5,7,125.15
461,2,2,11.0,Defence Colony,0,Semi-Furnished,0,16,17,65.93
714,2,1,1.3,Vikaspuri,1,Unfurnished,1,4,4,51.1
1279,3,3,1.0,Preet Vihar,1,Unfurnished,1,2,2,78.99
1251,2,2,3.0,Janakpuri,0,Semi-Furnished,1,6,6,89.73
1609,4,4,0.3,Dilshad Garden,0,Unfurnished,1,1,1,68.79
2161,3,3,0.1,Connaught Place,1,Unfurnished,0,1,1,514.19
1128,2,2,9.4,Shahdara,2,Unfurnished,1,3,19,46.07
1284,3,3,2.8,Pitampura,2,Semi-Furnished,1,3,5,143.04
2046,3,3,12.3,Defence Colony,0,Unfurnished,1,12,14,346.1
939,4,4,29.8,Greater Kailash,1,Furnished,1,1,1,102.61
676,3,3,0.7,Dilshad Garden,1,Unfurnished,0,1,3,30.56
1360,3,3,3.4,Pitampura,1,Semi-Furnished,1,9,9,137.0
1874,3,3,18.5,South Extension,1,Furnished,0,3,5,212.29
1791,3,2,10.1,Mayur Vihar,1,Semi-Furnished,0,5,9,99.7
1190,2,2,4.7,Lajpat Nagar,1,Semi-Furnished,0,1,6,158.53
1619,1,1,7.3,Greater Kailash,2,Semi-Furnished,0,1,1,249.97
1231,2,2,4.5,Ghaziabad,1,Furnished,0,4,5,36.9
1071,4,4,7.0,Paschim Vihar,1,Semi-Furnished,0,9,20,82.5
1491,1,1,4.8,Vasant Vihar,0,Semi-Furnished,1,2,6,223.81
1256,4,4,5.8,Shahdara,1,Semi-Furnished,0,1,1,65.67
907,2,2,1.4,South Extension,2,Unfurnished,1,11,17,165.04
1188,3,3,6.8,Pitampura,0,Furnished,1,5,11,135.35
1536,2,1,7.4,Rajouri Garden,2,Furnished,1,1,1,225.12
958,3,3,20.8,Dilshad Garden,2,Furnished,1,3,7,32.7
612,3,3,8.0,Lajpat Nagar,1,Unfurnished,1,1,11,69.88
1079,3,2,8.2,Khan Market,1,Unfurnished,1,6,9,230.07
548,3,3,6.4,Vikaspuri,1,Furnished,0,1,1,39.81
1099,4,3,21.8,Dilshad Garden,0,Semi-Furnished,0,3,3,29.76
1223,3,2,10.1,Khan Market,0,Semi-Furnished,0,1,1,240.41
812,3,3,0.9,Dwarka,0,Furnished,1,1,1,105.69
1015,3,2,0.0,Rajouri Garden,1,Semi-Furnished,0,2,5,135.96
1090,2,2,2.6,Dilshad Garden,2,Semi-Furnished,1,10,15,56.79
2089,2,2,15.9,Preet Vihar,0,Unfurnished,0,1,1,56.19
669,3,2,1.2,Defence Colony,1,Semi-Furnished,1,1,7,172.79
1428,2,1,0.7,Connaught Place,1,Semi-Furnished,0,4,5,396.88
1695,3,2,8.2,Karol Bagh,2,Semi-Furnished,1,3,4,225.92
600,5,5,3.2,Pitampura,0,Furnished,1,7,15,61.64
834,3,3,3.4,Pitampura,2,Semi-Furnished,0,1,1,73.93
1546,2,2,0.8,Shahdara,1,Furnished,1,4,9,101.7
772,2,1,22.1,Rajouri Garden,1,Furnished,0,18,19,46.49
1535,3,3,15.3,Dwarka,1,Unfurnished,1,8,12,119.9
1910,2,2,13.7,Paschim Vihar,1,Unfurnished,1,4,5,92.85
1485,3,3,3.0,Vikaspuri,0,Furnished,1,3,4,126.68
774,2,1,0.2,Paschim Vihar,2,Semi-Furnished,1,5,7,57.27
1490,1,1,7.4,Dilshad Garden,1,Semi-Furnished,0,2,2,46.2
975,2,2,0.9,Mayur Vihar,1,Semi-Furnished,1,1,2,58.56
586,3,3,4.4,Vasant Vihar,2,Semi-Furnished,0,4,5,114.62
673,2,2,2.3,South Extension,0,Furnished,0,1,9,100.31
1574,3,2,0.5,Greater Kailash,1,Unfurnished,1,8,8,318.83
1189,2,2,10.7,Karol Bagh,2,Semi-Furnished,1,2,6,120.99
932,3,3,2.4,Dwarka,2,Unfurnished,1,7,16,115.18
1497,3,3,0.6,Janakpuri,0,Semi-Furnished,1,13,13,135.14
1637,2,1,5.7,Karol Bagh,1,Unfurnished,0,7,15,177.51
956,3,3,14.2,Karol Bagh,0,Unfurnished,0,8,20,91.41
1443,2,2,1.0,Greater Kailash,1,Semi-Furnished,1,1,1,356.64
1782,3,3,8.5,Rohini,0,Unfurnished,1,1,1,169.42
1544,2,1,2.6,Ghaziabad,0,Unfurnished,1,3,12,40.58
715,4,4,6.3,Janakpuri,0,Furnished,1,7,10,75.45
784,3,3,22.2,Janakpuri,0,Unfurnished,1,15,16,36.96
722,2,2,11.4,Connaught Place,1,Unfurnished,1,7,13,143.67
1601,3,2,6.5,Karol Bagh,0,Semi-Furnished,1,1,1,210.19
1715,2,2,10.6,Lajpat Nagar,1,Semi-Furnished,0,4,9,183.15
620,2,2,16.7,Vasant Vihar,0,Unfurnished,1,6,15,64.54
520,3,3,0.0,South Extension,0,Unfurnished,0,4,6,90.88
1917,2,2,9.7,Khan Market,1,Semi-Furnished,0,3,4,345.3
1646,3,3,5.8,Mayur Vihar,1,Unfurnished,1,1,2,85.4
1392,3,3,21.6,Janakpuri,0,Semi-Furnished,1,1,1,61.67
1540,5,5,6.7,Dwarka,1,Unfurnished,0,13,16,163.23
1372,3,2,15.3,Dilshad Garden,1,Semi-Furnished,1,5,7,51.25
1564,1,1,19.2,Greater Kailash,1,Unfurnished,1,1,1,204.63
1506,5,4,0.5,Lajpat Nagar,0,Furnished,0,2,3,301.57
1664,2,1,15.3,Rohini,0,Furnished,0,1,9,100.11
1132,2,2,6.4,Paschim Vihar,2,Unfurnished,1,14,15,66.91
1518,2,2,5.0,Pitampura,1,Unfurnished,0,2,2,90.34
1306,3,3,2.1,Rohini,0,Semi-Furnished,1,1,1,125.89
771,2,2,15.2,Khan Market,0,Furnished,1,12,14,102.75
1208,4,4,0.4,Preet Vihar,0,Unfurnished,0,2,4,58.32
1343,2,2,23.4,Karol Bagh,2,Furnished,0,1,1,93.17
1553,3,3,0.9,Ghaziabad,1,Unfurnished,0,3,7,52.69
1245,2,2,6.9,Karol Bagh,1,Unfurnished,1,4,9,122.27
708,3,3,18.2,Rohini,2,Unfurnished,0,1,1,42.78
1319,2,2,7.6,Dilshad Garden,2,Furnished,1,13,20,67.03
775,4,4,1.4,Vasant Vihar,1,Semi-Furnished,1,5,18,186.2
1394,2,2,35.4,Khan Market,2,Semi-Furnished,0,3,8,93.98
1228,2,1,0.7,Connaught Place,0,Unfurnished,0,2,7,266.55
743,3,3,13.1,Paschim Vihar,0,Unfurnished,1,1,1,44.3
831,3,3,0.6,Defence Colony,1,Semi-Furnished,0,1,2,194.16
999,3,3,2.1,Rajouri Garden,1,Semi-Furnished,0,2,18,124.9
518,4,4,3.8,Vikaspuri,1,Unfurnished,1,1,1,31.23
1416,4,4,7.8,Rajouri Garden,1,Furnished,0,14,17,187.43
1048,1,1,0.4,Connaught Place,1,Unfurnished,1,3,4,234.91
1462,1,1,16.8,Vikaspuri,1,Furnished,1,1,9,84.79
977,2,2,6.8,Vasant Vihar,0,Unfurnished,1,9,14,123.32
1306,4,4,6.8,Janakpuri,1,Unfurnished,1,7,8,109.46
1554,3,3,8.0,Ghaziabad,1,Semi-Furnished,1,1,1,57.68
1491,5,5,2.5,Rajouri Garden,1,Semi-Furnished,0,1,3,182.94
1242,4,4,5.1,Janakpuri,1,Unfurnished,1,1,3,98.93
1118,1,1,0.3,Connaught Place,1,Furnished,1,6,9,316.4
1136,1,1,1.0,Dilshad Garden,2,Semi-Furnished,0,3,13,48.42
1503,2,2,10.5,Karol Bagh,2,Semi-Furnished,1,1,4,177.04
1475,1,1,14.2,Preet Vihar,1,Semi-Furnished,0,4,6,53.55
845,3,3,0.6,Dilshad Garden,1,Furnished,1,2,13,43.44
1293,3,2,1.0,Lajpat Nagar,2,Semi-Furnished,0,6,18,221.94
1424,3,3,0.7,Paschim Vihar,0,Unfurnished,1,1,5,103.08
1133,4,4,0.6,Rajouri Garden,1,Furnished,1,3,16,173.07
2076,3,2,17.6,Greater Kailash,1,Semi-Furnished,1,1,1,280.13
1038,3,3,3.3,Dwarka,1,Semi-Furnished,0,1,1,103.2
527,3,3,3.6,Ghaziabad,1,Semi-Furnished,0,1,1,16.86
1211,2,1,1.9,Rohini,1,Unfurnished,0,15,15,97.48
762,4,4,3.8,Defence Colony,2,Semi-Furnished,1,13,20,209.17
770,1,1,11.9,Vasant Vihar,0,Semi-Furnished,1,11,15,107.57
1027,4,4,1.6,Vikaspuri,1,Unfurnished,1,1,10,88.02
771,3,3,5.4,Dilshad Garden,1,Semi-Furnished,0,4,4,31.74
708,2,1,5.2,Greater Kailash,2,Unfurnished,1,6,11,144.5
1634,2,2,1.1,Preet Vihar,1,Semi-Furnished,0,19,20,82.27
1351,3,3,7.1,Greater Kailash,0,Unfurnished,1,3,6,246.66
1111,3,3,4.9,Dilshad Garden,1,Semi-Furnished,1,7,8,54.35
1666,4,3,17.2,Vasant Vihar,1,Semi-Furnished,1,1,1,248.92
1983,3,3,1.2,Mayur Vihar,2,Unfurnished,1,3,9,126.83
986,1,1,14.4,Connaught Place,0,Unfurnished,1,9,16,172.19
1434,3,2,5.3,Vikaspuri,0,Semi-Furnished,0,4,4,95.66
1243,4,3,24.8,South Extension,0,Unfurnished,1,16,16,111.98
734,3,3,1.9,Khan Market,0,Furnished,1,3,6,205.16
1224,4,4,2.0,Janakpuri,1,Unfurnished,1,1,1,105.55
1203,3,3,7.8,Ghaziabad,1,Semi-Furnished,1,1,2,48.19
1295,3,2,11.9,Shahdara,1,Unfurnished,1,15,16,60.32
950,2,2,0.5,Shahdara,1,Unfurnished,1,1,1,47.73
1274,4,4,19.0,Dilshad Garden,1,Furnished,0,5,20,38.12
1495,4,4,1.2,Rohini,1,Furnished,1,15,19,198.46
2096,5,4,5.5,Lajpat Nagar,1,Semi-Furnished,1,2,2,356.32
1085,3,3,10.2,Rajouri Garden,1,Semi-Furnished,1,1,2,123.34
1469,2,2,29.4,Pitampura,1,Semi-Furnished,0,11,18,50.54
982,2,2,2.5,Dwarka,0,Unfurnished,0,1,1,77.13
1109,3,3,6.1,Ghaziabad,0,Semi-Furnished,1,6,9,36.79
1092,2,2,1.1,Pitampura,0,Unfurnished,1,2,16,97.14
1096,2,2,10.7,Lajpat Nagar,1,Unfurnished,0,4,4,94.42
1611,3,3,14.2,Karol Bagh,0,Unfurnished,1,13,14,154.25
1159,3,3,0.5,Karol Bagh,2,Furnished,1,6,10,173.74
696,2,1,7.8,Dwarka,1,Unfurnished,1,4,9,57.03
1832,2,2,20.0,Paschim Vihar,0,Semi-Furnished,1,9,19,68.92
764,5,5,2.2,Vikaspuri,0,Unfurnished,1,2,8,58.92
1132,3,3,5.3,Janakpuri,0,Furnished,1,11,16,88.56
1847,2,2,5.5,Pitampura,0,Semi-Furnished,1,1,1,133.19
1265,2,2,19.1,Khan Market,1,Unfurnished,1,8,20,185.78
1166,3,3,8.2,Lajpat Nagar,1,Furnished,1,12,17,164.06
1447,2,2,2.0,Karol Bagh,2,Semi-Furnished,0,1,7,168.89
1554,1,1,1.3,Khan Market,2,Unfurnished,1,4,5,329.31
1166,2,2,39.1,Ghaziabad,1,Semi-Furnished,1,13,18,9.65
1395,2,2,1.3,Janakpuri,0,Semi-Furnished,1,5,10,123.35
1847,2,2,18.0,Lajpat Nagar,2,Semi-Furnished,1,4,16,203.66
620,3,2,3.2,Lajpat Nagar,0,Semi-Furnished,0,3,4,82.78
400,4,4,3.2,Khan Market,1,Unfurnished,1,1,9,98.06
489,3,2,1.1,Rajouri Garden,0,Semi-Furnished,1,1,1,64.88
765,2,1,10.5,Pitampura,0,Semi-Furnished,1,5,17,50.11
1545,2,2,18.6,Greater Kailash,2,Furnished,0,1,11,216.47
684,3,2,2.5,Rajouri Garden,0,Semi-Furnished,1,4,5,70.09
830,3,3,9.9,Dilshad Garden,1,Furnished,1,7,13,39.68
1526,3,3,15.8,Preet Vihar,0,Unfurnished,0,2,2,50.48
1623,3,3,5.5,Defence Colony,1,Semi-Furnished,0,17,18,348.89
1176,2,2,13.6,Connaught Place,2,Unfurnished,1,6,14,242.56
1368,4,4,7.8,Khan Market,2,Semi-Furnished,1,3,3,348.64
1685,4,3,9.0,Connaught Place,1,Unfurnished,0,1,5,364.97
1155,4,4,2.3,Connaught Place,0,Semi-Furnished,1,2,4,365.76
999,5,5,10.6,Vikaspuri,1,Furnished,1,18,20,76.38
1189,5,4,6.3,Rajouri Garden,1,Semi-Furnished,1,4,5,161.04
1269,3,3,8.0,Dwarka,1,Unfurnished,1,1,1,109.04
1906,3,2,6.4,Khan Market,1,Unfurnished,1,6,7,383.03
751,3,3,23.5,Dwarka,1,Unfurnished,1,1,1,39.78
1439,2,1,7.9,Janakpuri,1,Unfurnished,1,4,19,111.3
1503,3,3,8.7,Dwarka,0,Semi-Furnished,0,9,14,145.1
558,3,3,0.1,Preet Vihar,1,Semi-Furnished,1,1,1,34.48
1624,1,1,0.2,Connaught Place,0,Unfurnished,0,1,1,327.02
1882,3,3,0.7,Mayur Vihar,1,Furnished,0,7,8,115.62
640,3,3,10.7,Vikaspuri,0,Furnished,1,1,1,46.03
961,4,4,15.7,Shahdara,1,Semi-Furnished,1,2,2,47.51
1199,3,2,12.3,Shahdara,2,Unfurnished,1,1,1,58.72
1210,1,1,21.0,Paschim Vihar,0,Semi-Furnished,0,6,6,30.32
1088,1,1,8.7,Lajpat Nagar,1,Furnished,1,1,16,132.23
766,3,3,3.5,Ghaziabad,2,Furnished,0,5,16,28.58
742,3,3,16.7,Rajouri Garden,0,Furnished,0,5,9,54.28
1569,4,4,4.6,Rajouri Garden,0,Semi-Furnished,0,7,13,187.52
1838,4,4,12.5,Connaught Place,1,Semi-Furnished,1,10,18,436.63
1648,2,2,3.0,Lajpat Nagar,0,Unfurnished,0,2,2,220.02
1303,3,3,16.4,Defence Colony,1,Semi-Furnished,0,3,9,201.91
2095,1,1,9.5,Lajpat Nagar,0,Semi-Furnished,0,1,6,221.79
1637,5,5,7.6,Rohini,0,Semi-Furnished,1,10,12,187.32
1312,4,4,14.8,Dilshad Garden,0,Unfurnished,1,3,9,53.47
880,2,2,18.6,Mayur Vihar,0,Unfurnished,1,1,1,30.35
1465,3,3,4.8,Janakpuri,2,Semi-Furnished,1,3,10,140.71
946,2,1,3.7,Ghaziabad,0,Unfurnished,1,2,6,25.3
1116,1,1,11.9,Paschim Vihar,0,Semi-Furnished,1,7,10,65.88
1651,1,1,10.0,Lajpat Nagar,1,Unfurnished,0,1,1,164.33
1456,3,3,15.3,Dwarka,1,Semi-Furnished,1,3,6,106.24
1356,4,4,10.3,Rohini,0,Unfurnished,1,2,6,93.86
1426,3,3,6.1,Defence Colony,2,Semi-Furnished,0,1,3,293.71
795,3,3,8.7,Paschim Vihar,2,Semi-Furnished,1,10,15,58.36
820,3,2,2.4,South Extension,1,Furnished,1,2,12,183.74
1058,2,2,10.7,Lajpat Nagar,2,Furnished,1,2,2,173.14
2180,2,2,26.0,Rohini,1,Furnished,1,4,4,104.4
787,2,2,0.0,Defence Colony,1,Furnished,1,3,10,232.57
1908,2,2,7.3,Rohini,2,Unfurnished,1,1,2,152.94
1080,4,4,22.5,Vikaspuri,0,Semi-Furnished,1,2,13,35.32
992,3,3,0.6,Dilshad Garden,1,Furnished,1,1,1,56.27
1237,3,3,0.5,Shahdara,1,Semi-Furnished,1,6,17,71.47
808,3,2,6.8,South Extension,1,Unfurnished,1,1,1,164.59
1851,1,1,19.8,Ghaziabad,2,Furnished,1,1,2,50.23
1685,4,3,1.8,Vasant Vihar,2,Semi-Furnished,1,7,8,368.22
1022,2,2,4.0,Preet Vihar,2,Furnished,0,2,6,54.78
723,3,2,22.8,Ghaziabad,1,Semi-Furnished,1,1,1,16.44
1035,3,3,0.2,Dwarka,0,Unfurnished,1,1,1,102.77
1438,2,2,16.0,Khan Market,2,Semi-Furnished,1,1,1,246.69
1805,2,2,0.0,Preet Vihar,1,Furnished,0,5,14,103.12
726,3,3,8.8,Karol Bagh,1,Unfurnished,0,1,1,56.4
1807,4,3,5.9,Janakpuri,1,Semi-Furnished,1,7,17,172.12
1282,2,2,4.3,Karol Bagh,0,Furnished,0,9,10,144.91
1639,3,3,21.5,Janakpuri,1,Unfurnished,1,1,1,80.84
837,2,2,2.7,South Extension,2,Semi-Furnished,0,3,5,122.72
1695,3,3,35.7,Rajouri Garden,0,Semi-Furnished,1,4,11,59.2
1414,3,2,4.9,Paschim Vihar,0,Unfurnished,0,14,19,85.44
1481,3,3,0.1,Mayur Vihar,1,Furnished,1,13,13,111.19
990,4,3,0.2,Mayur Vihar,1,Semi-Furnished,1,10,18,85.07
1027,3,3,15.3,Rajouri Garden,2,Unfurnished,0,1,7,79.8
1029,3,3,1.7,Pitampura,1,Furnished,0,11,15,79.26
737,3,3,14.4,South Extension,1,Unfurnished,1,1,7,95.45
954,2,2,2.8,Karol Bagh,2,Unfurnished,1,6,13,104.93
1549,3,3,3.5,Preet Vihar,0,Furnished,0,9,14,73.23
875,3,3,1.2,Connaught Place,0,Furnished,1,16,20,220.31
645,2,2,9.9,Vikaspuri,1,Furnished,0,1,1,38.23
675,2,2,1.0,Mayur Vihar,1,Semi-Furnished,1,1,2,45.77
1573,4,4,3.0,Mayur Vihar,0,Unfurnished,0,1,5,80.81
1291,2,2,1.0,Paschim Vihar,2,Unfurnished,1,8,12,90.38
1249,4,4,10.6,Greater Kailash,1,Unfurnished,1,3,9,213.85
1757,4,3,2.3,Vasant Vihar,0,Unfurnished,0,1,1,233.01
630,4,4,9.6,Dilshad Garden,1,Semi-Furnished,0,1,1,25.78
502,4,4,32.9,Rajouri Garden,0,Furnished,0,1,1,24.48
598,5,5,1.2,Dwarka,1,Furnished,1,5,8,91.75
1005,1,1,1.4,South Extension,1,Semi-Furnished,1,1,2,171.12
1292,3,3,2.6,Defence Colony,0,Semi-Furnished,0,2,7,222.65
1189,3,2,8.5,Shahdara,1,Furnished,1,2,2,61.67
1307,4,4,0.6,Dilshad Garden,0,Semi-Furnished,1,1,1,62.32
945,4,4,4.7,Greater Kailash,1,Semi-Furnished,1,1,1,181.55
719,2,2,0.3,Janakpuri,0,Semi-Furnished,1,1,1,57.27
849,4,3,5.0,Lajpat Nagar,1,Semi-Furnished,1,2,15,119.97
734,4,4,0.1,Vikaspuri,0,Furnished,1,7,7,54.68
2140,2,2,3.1,Defence Colony,2,Semi-Furnished,1,1,4,368.46
854,3,3,23.5,Ghaziabad,1,Semi-Furnished,1,9,15,22.52
1860,3,2,22.3,Dwarka,1,Unfurnished,0,9,10,106.76
1069,3,3,18.3,Vikaspuri,1,Unfurnished,0,4,12,45.64
968,2,2,23.7,Lajpat Nagar,0,Unfurnished,1,10,19,70.11
1137,4,4,23.5,Pitampura,1,Unfurnished,1,4,5,61.03
1217,2,2,2.5,Lajpat Nagar,0,Semi-Furnished,0,1,1,159.2
735,2,2,2.4,Karol Bagh,2,Unfurnished,1,4,5,92.67
797,2,2,16.4,Vasant Vihar,1,Semi-Furnished,1,10,10,94.51
932,4,4,10.6,Greater Kailash,1,Unfurnished,0,14,16,139.49
1827,2,2,2.4,Ghaziabad,2,Unfurnished,0,6,6,51.41
1312,2,2,0.9,Vasant Vihar,0,Semi-Furnished,0,13,13,215.93
1298,2,1,3.5,Defence Colony,1,Furnished,0,2,8,183.46
526,3,3,5.6,Mayur Vihar,0,Furnished,1,7,16,27.16
1287,3,3,5.1,Rohini,2,Unfurnished,0,2,15,93.45
1313,1,1,0.8,Rohini,2,Unfurnished,1,2,11,138.83
1473,2,2,8.4,Paschim Vihar,0,Unfurnished,1,11,17,77.13
1347,3,2,0.2,Dwarka,0,Unfurnished,0,1,12,101.6
1678,3,3,13.1,Khan Market,0,Furnished,1,8,10,395.91
1487,4,3,12.9,Pitampura,0,Furnished,1,13,14,98.96
1245,3,3,23.3,Defence Colony,0,Furnished,0,8,19,160.8
1135,1,1,18.6,Vikaspuri,0,Unfurnished,1,15,19,41.09
400,4,4,2.7,Vikaspuri,0,Unfurnished,1,3,5,30.41
1733,2,2,36.0,Karol Bagh,0,Unfurnished,0,1,1,53.74
1187,3,3,43.4,Vikaspuri,1,Unfurnished,1,2,4,12.73
1682,2,1,8.0,Defence Colony,1,Unfurnished,1,3,3,342.18
1200,3,3,1.7,Ghaziabad,1,Furnished,0,2,2,52.66
2222,3,2,0.5,Lajpat Nagar,2,Semi-Furnished,0,1,1,323.98
1352,3,3,4.1,Ghaziabad,1,Semi-Furnished,1,11,16,53.7
920,4,4,10.5,Mayur Vihar,0,Furnished,1,2,4,62.64
1451,3,3,3.7,Rajouri Garden,0,Unfurnished,1,19,20,160.4
1200,2,1,22.6,Janakpuri,0,Furnished,1,5,6,54.34
1997,1,1,22.6,Preet Vihar,2,Unfurnished,1,2,11,50.07
527,2,2,1.4,Preet Vihar,1,Semi-Furnished,0,1,1,23.88
892,2,2,2.8,Ghaziabad,0,Semi-Furnished,1,4,6,31.75
1263,4,4,7.6,Lajpat Nagar,2,Furnished,1,14,16,255.65
1611,4,4,2.9,Lajpat Nagar,1,Unfurnished,1,2,4,239.66
1374,3,3,8.9,Connaught Place,0,Furnished,1,5,5,264.71
427,3,2,1.0,Shahdara,1,Furnished,0,1,2,26.11
1030,3,2,2.5,Khan Market,1,Semi-Furnished,1,9,12,288.9
1079,2,2,1.4,Dilshad Garden,1,Semi-Furnished,0,1,1,43.41
1760,3,3,8.8,Paschim Vihar,1,Unfurnished,0,13,14,92.18
985,2,2,5.3,Karol Bagh,0,Unfurnished,1,1,1,107.89
1219,3,3,1.8,Vikaspuri,2,Unfurnished,0,1,1,80.43
1270,3,2,23.3,Vikaspuri,1,Semi-Furnished,1,14,20,51.66
545,2,2,9.2,Rohini,0,Furnished,0,3,3,42.1
755,3,3,0.2,Connaught Place,0,Furnished,0,6,20,246.36
834,2,2,0.8,Shahdara,1,Semi-Furnished,1,7,8,49.92
1071,3,3,14.9,Lajpat Nagar,0,Furnished,1,1,2,154.56
1746,3,2,1.7,Pitampura,1,Semi-Furnished,1,11,16,191.42
980,3,3,6.7,Mayur Vihar,1,Furnished,1,1,1,77.17
1403,3,2,4.2,South Extension,1,Semi-Furnished,1,6,7,290.91
1129,2,2,1.8,Janakpuri,0,Unfurnished,1,3,3,86.94
1332,2,2,6.7,Karol Bagh,1,Semi-Furnished,0,1,3,164.8
1265,2,2,4.3,Rohini,0,Semi-Furnished,0,8,11,97.48
1282,1,1,10.0,Ghaziabad,1,Semi-Furnished,1,1,1,33.57
1574,3,3,4.5,Mayur Vihar,0,Unfurnished,0,1,1,75.89
1407,2,2,7.2,South Extension,1,Unfurnished,0,1,1,164.56
604,2,2,13.4,Paschim Vihar,1,Furnished,0,1,4,30.41
1157,3,3,9.1,Janakpuri,0,Semi-Furnished,0,1,1,81.9
637,1,1,0.0,Vasant Vihar,0,Furnished,1,10,13,136.55
2005,4,4,13.0,Vikaspuri,1,Furnished,0,1,1,132.53
1039,2,2,4.5,Dwarka,1,Unfurnished,0,1,1,82.18
1614,2,1,5.9,Mayur Vihar,2,Furnished,1,3,4,88.93
1064,5,5,3.3,Mayur Vihar,1,Unfurnished,0,4,4,64.93
2368,4,4,12.3,Greater Kailash,0,Semi-Furnished,1,9,13,410.38
1261,2,2,2.9,Defence Colony,0,Unfurnished,1,1,1,235.9
762,4,4,2.7,Lajpat Nagar,0,Semi-Furnished,1,4,13,140.02
1790,2,2,25.6,Mayur Vihar,2,Unfurnished,0,1,17,49.55
1441,3,3,4.9,Vasant Vihar,2,Furnished,1,6,6,287.26
1687,2,2,10.3,Shahdara,1,Furnished,0,15,20,79.88
1046,3,3,15.9,Khan Market,1,Unfurnished,0,1,1,163.83
1370,2,2,3.4,Khan Market,0,Semi-Furnished,0,1,1,270.81
932,2,2,4.8,Ghaziabad,1,Furnished,0,10,16,32.05
863,2,1,21.4,Lajpat Nagar,1,Semi-Furnished,1,4,7,83.58
881,4,3,6.5,Khan Market,0,Unfurnished,0,1,14,206.56
1505,2,2,0.6,Connaught Place,1,Unfurnished,0,16,20,301.1
1505,2,2,0.7,Janakpuri,1,Semi-Furnished,1,18,18,117.16
1115,5,5,34.7,Karol Bagh,0,Furnished,1,2,6,69.57
1315,2,1,4.1,Dilshad Garden,0,Unfurnished,1,1,1,47.14
1246,2,2,0.5,Defence Colony,1,Semi-Furnished,1,3,16,267.25
911,5,4,2.8,Preet Vihar,1,Semi-Furnished,1,3,18,63.46
844,1,1,1.7,Ghaziabad,2,Unfurnished,0,5,8,25.95
1119,4,3,5.7,Connaught Place,2,Semi-Furnished,0,7,16,306.1
944,2,2,4.0,Vikaspuri,1,Semi-Furnished,1,1,1,63.07
1702,3,3,8.7,Paschim Vihar,1,Unfurnished,0,2,6,80.36
928,5,5,9.6,Vasant Vihar,0,Furnished,0,16,20,157.87
932,3,2,1.3,Rajouri Garden,1,Semi-Furnished,1,11,13,142.99
1119,2,2,3.5,Lajpat Nagar,2,Semi-Furnished,1,1,2,164.52
954,2,2,7.3,Rajouri Garden,1,Furnished,1,1,1,105.19
400,2,2,4.3,Connaught Place,2,Semi-Furnished,0,1,1,71.6
1286,2,2,2.1,Khan Market,1,Unfurnished,1,1,5,245.39
1465,3,3,6.5,Janakpuri,2,Semi-Furnished,0,1,11,96.4
1730,2,2,10.7,Paschim Vihar,2,Unfurnished,0,5,8,77.0
1981,2,2,14.1,Defence Colony,1,Furnished,1,1,15,347.5
1649,3,3,34.0,Greater Kailash,2,Semi-Furnished,1,13,16,123.4
1057,1,1,3.9,Karol Bagh,1,Unfurnished,1,1,1,135.31
1319,2,2,11.0,Janakpuri,1,Unfurnished,1,2,6,90.4
846,4,4,9.8,Khan Market,1,Semi-Furnished,1,1,1,149.95
1188,2,2,1.2,Khan Market,0,Semi-Furnished,1,2,14,264.8
1099,2,2,5.8,Janakpuri,2,Unfurnished,0,14,16,79.85
791,3,3,1.9,Rohini,0,Unfurnished,1,3,3,69.72
1406,3,3,1.8,Preet Vihar,1,Semi-Furnished,1,10,13,82.14
907,5,5,21.3,Pitampura,0,Semi-Furnished,1,1,1,70.52
1432,3,2,1.5,Khan Market,1,Semi-Furnished,1,2,14,384.12
1346,2,2,5.3,Pitampura,1,Semi-Furnished,0,5,9,95.61
991,1,1,8.6,Shahdara,0,Semi-Furnished,0,7,19,37.26
1604,4,4,3.0,Dwarka,2,Unfurnished,1,8,14,172.31
1673,2,1,2.6,Lajpat Nagar,1,Semi-Furnished,0,1,1,193.23
1005,2,2,11.7,Dwarka,1,Unfurnished,0,1,1,72.15
1168,4,4,4.4,Khan Market,1,Furnished,0,8,12,289.11
1557,2,2,40.0,Khan Market,2,Furnished,1,4,13,95.05
1383,2,2,2.5,Mayur Vihar,1,Furnished,0,1,8,82.04
706,1,1,2.0,Karol Bagh,1,Semi-Furnished,0,1,1,78.83
1158,3,2,9.2,Pitampura,0,Semi-Furnished,1,5,6,95.0
651,3,3,3.0,Paschim Vihar,0,Furnished,1,4,13,51.22
1135,2,2,0.3,Mayur Vihar,0,Semi-Furnished,1,1,1,79.53
1145,5,5,13.2,Dwarka,0,Semi-Furnished,1,9,18,118.58
1544,2,2,1.1,Vikaspuri,0,Semi-Furnished,1,11,16,117.71
1155,2,2,11.6,Dilshad Garden,0,Furnished,1,1,1,45.03
600,2,2,8.2,Karol Bagh,1,Semi-Furnished,0,9,12,58.79
1120,4,4,3.2,Rajouri Garden,1,Semi-Furnished,0,2,2,138.86
1103,2,2,4.1,Defence Colony,1,Semi-Furnished,0,4,5,170.76
906,3,2,9.4,Paschim Vihar,1,Furnished,1,8,9,71.2
400,3,3,4.7,Mayur Vihar,1,Unfurnished,1,6,13,22.03
820,1,1,16.6,Ghaziabad,0,Furnished,1,2,3,20.42
1377,3,2,5.8,Ghaziabad,1,Semi-Furnished,0,1,1,50.3
1384,2,2,5.3,Janakpuri,0,Semi-Furnished,0,3,5,88.23
774,5,5,11.6,Preet Vihar,0,Furnished,0,5,8,41.14
1171,2,2,0.9,Connaught Place,1,Furnished,1,3,3,375.03
1639,4,4,5.7,Ghaziabad,1,Furnished,0,7,8,52.94
806,3,3,0.5,Defence Colony,0,Unfurnished,1,7,9,164.93
1167,3,3,2.4,Preet Vihar,2,Unfurnished,1,7,19,77.53
1982,4,4,0.2,Khan Market,1,Semi-Furnished,1,7,20,673.63
400,2,2,15.4,Pitampura,2,Unfurnished,0,1,1,23.8
987,3,2,15.3,Rohini,0,Unfurnished,0,7,7,55.27
1175,3,3,3.3,Ghaziabad,0,Unfurnished,1,3,3,40.29
1010,3,3,0.7,Shahdara,1,Furnished,0,7,7,53.37
866,1,1,4.0,Rajouri Garden,0,Furnished,1,2,2,110.45
1552,2,2,1.4,Vikaspuri,1,Unfurnished,1,1,1,114.73
1147,2,2,5.4,Vasant Vihar,1,Unfurnished,1,2,9,166.84
2037,5,5,9.1,Dilshad Garden,1,Unfurnished,1,1,1,76.77
1804,2,2,0.2,Shahdara,1,Unfurnished,1,3,13,98.46
1683,3,2,2.7,Preet Vihar,0,Furnished,1,1,1,90.66
743,4,4,4.3,Greater Kailash,0,Unfurnished,0,1,3,133.42
1398,4,4,9.3,Karol Bagh,0,Semi-Furnished,1,2,15,178.91
1688,3,3,13.4,Defence Colony,2,Furnished,1,13,17,333.34
1473,3,3,1.4,Karol Bagh,1,Semi-Furnished,0,2,3,171.25
1576,3,3,5.9,Karol Bagh,0,Semi-Furnished,0,2,19,173.46
1100,2,2,16.2,Vikaspuri,1,Furnished,1,1,1,53.88
1614,3,3,4.9,Paschim Vihar,0,Furnished,0,10,17,108.88
1012,5,5,0.9,South Extension,0,Furnished,1,3,8,202.19
1147,2,2,8.2,Janakpuri,0,Unfurnished,0,2,3,68.58
1668,5,5,5.7,Dilshad Garden,1,Unfurnished,1,4,5,77.04
1783,3,3,50.0,Rohini,1,Furnished,1,4,20,1.0
1395,3,2,8.4,Lajpat Nagar,1,Furnished,1,2,2,242.04
1416,3,2,4.5,South Extension,2,Semi-Furnished,0,1,9,241.15
1456,5,5,13.6,Janakpuri,1,Unfurnished,0,3,5,89.56
1372,5,5,5.4,Khan Market,1,Furnished,0,6,7,336.23
1128,3,3,3.3,Karol Bagh,2,Furnished,1,1,1,197.28
1115,2,2,0.8,Dwarka,1,Unfurnished,0,1,1,108.25
1250,4,3,0.4,South Extension,0,Furnished,1,3,3,258.17
1499,3,3,9.0,Lajpat Nagar,1,Unfurnished,1,1,4,219.93
741,2,2,6.9,South Extension,1,Unfurnished,1,6,16,113.65
1455,2,2,3.0,Connaught Place,0,Furnished,0,7,15,367.26
986,3,3,1.9,Dwarka,1,Semi-Furnished,1,1,1,107.2
705,2,2,7.2,Paschim Vihar,1,Furnished,1,1,1,50.43
1137,2,2,1.8,Mayur Vihar,1,Furnished,0,18,20,76.13
806,3,3,0.6,Greater Kailash,0,Unfurnished,1,16,16,172.98
647,3,3,6.3,Greater Kailash,2,Furnished,0,6,12,107.71
913,1,1,0.9,Preet Vihar,2,Semi-Furnished,1,5,20,48.93
1978,2,1,17.4,Khan Market,0,Furnished,1,4,6,336.0
596,1,1,0.8,Dwarka,2,Furnished,0,4,11,60.4
1149,4,4,10.2,Paschim Vihar,1,Furnished,1,2,4,81.48
1311,2,2,4.2,Dwarka,0,Unfurnished,1,2,3,112.6
1139,3,3,0.7,Khan Market,1,Unfurnished,1,1,20,247.83
961,2,2,3.8,Rajouri Garden,1,Furnished,1,5,6,117.47
1362,3,3,2.2,Janakpuri,2,Semi-Furnished,1,11,14,119.97
1719,3,2,7.0,Defence Colony,2,Semi-Furnished,1,3,7,380.17
1551,4,4,2.3,Khan Market,1,Unfurnished,0,1,1,339.58
1062,2,2,3.1,Karol Bagh,2,Furnished,0,3,14,151.98
1777,2,1,0.2,Dilshad Garden,1,Unfurnished,1,3,14,74.5
1055,5,5,1.6,Karol Bagh,0,Semi-Furnished,1,6,6,181.16
939,3,2,19.4,Janakpuri,2,Semi-Furnished,1,1,10,54.59
1518,1,1,2.3,Vikaspuri,1,Furnished,1,6,12,134.95
1159,2,2,4.9,Dwarka,1,Unfurnished,0,5,6,98.8
1082,1,1,3.6,Preet Vihar,1,Semi-Furnished,0,3,20,44.27
1529,3,3,7.6,Shahdara,0,Semi-Furnished,0,3,6,59.79
1261,4,4,8.1,Paschim Vihar,1,Unfurnished,0,2,18,66.51
1091,5,5,10.8,Mayur Vihar,0,Semi-Furnished,0,5,5,62.37
1041,4,4,11.8,Greater Kailash,0,Semi-Furnished,1,3,5,221.51
1396,2,2,15.2,Rajouri Garden,2,Unfurnished,1,1,6,118.29
928,5,5,5.6,Khan Market,1,Unfurnished,0,10,11,172.44
1210,3,3,0.6,Shahdara,0,Furnished,0,3,4,63.32
782,4,4,1.4,Dilshad Garden,1,Furnished,1,1,3,48.45
1408,5,5,4.9,Connaught Place,0,Semi-Furnished,1,1,1,442.93
1642,4,3,0.8,Mayur Vihar,2,Unfurnished,1,1,1,111.58
601,3,3,8.2,Mayur Vihar,1,Furnished,0,5,17,37.93
1120,2,2,11.4,Vikaspuri,1,Unfurnished,0,3,8,49.87
1220,2,2,5.4,Janakpuri,2,Unfurnished,0,9,10,82.29
1159,3,3,12.6,Vasant Vihar,1,Semi-Furnished,1,11,15,150.83
846,3,3,0.3,Mayur Vihar,2,Unfurnished,0,1,4,45.62
1160,2,2,4.9,Ghaziabad,1,Unfurnished,1,2,2,39.34
930,3,3,10.8,Paschim Vihar,1,Furnished,1,1,1,68.87
1088,2,2,2.5,Vikaspuri,1,Unfurnished,0,18,19,71.89
400,1,1,6.0,Defence Colony,1,Furnished,1,7,11,82.19
1287,3,3,17.0,Rohini,0,Unfurnished,0,2,6,61.77
400,5,5,1.0,Shahdara,0,Semi-Furnished,1,3,12,32.8
1408,2,2,5.6,Rohini,0,Semi-Furnished,1,1,1,111.2
1090,2,2,3.7,Greater Kailash,0,Semi-Furnished,0,5,10,195.19
986,4,4,6.0,Defence Colony,2,Semi-Furnished,0,13,14,219.45
1074,5,4,13.0,Vikaspuri,1,Unfurnished,0,1,1,61.12
1191,5,4,8.1,Connaught Place,2,Unfurnished,1,7,11,336.85
1500,3,2,23.6,Shahdara,1,Furnished,1,8,18,52.27
1080,3,3,0.1,Vasant Vihar,1,Semi-Furnished,0,4,5,191.98
1219,3,2,5.6,Paschim Vihar,1,Furnished,1,3,12,72.87
1842,2,2,10.5,Rajouri Garden,1,Semi-Furnished,0,4,16,147.34
1248,4,4,3.2,Dwarka,1,Semi-Furnished,1,1,12,132.0
1171,3,2,5.0,Mayur Vihar,1,Furnished,0,1,4,76.21
1268,3,3,14.4,Pitampura,1,Unfurnished,0,12,17,78.67
1754,3,2,3.9,Karol Bagh,0,Unfurnished,1,1,1,221.84
1625,5,5,39.3,Shahdara,2,Unfurnished,0,14,14,18.03
1219,2,2,5.6,Karol Bagh,1,Semi-Furnished,1,14,18,155.62
721,2,2,10.3,Vasant Vihar,0,Semi-Furnished,1,9,10,115.91
562,3,3,9.2,Dwarka,0,Unfurnished,1,7,9,38.98
857,2,2,11.5,Pitampura,0,Semi-Furnished,1,4,16,60.28
1280,3,3,2.5,Lajpat Nagar,1,Unfurnished,1,16,19,198.05
1435,4,4,1.9,Pitampura,0,Semi-Furnished,1,8,10,148.71
1715,3,3,21.9,Mayur Vihar,1,Semi-Furnished,1,5,10,67.93
1486,1,1,4.9,South Extension,1,Furnished,0,6,16,270.0
1132,3,3,37.4,Mayur Vihar,1,Furnished,1,17,19,20.18
1764,3,3,8.6,Karol Bagh,1,Semi-Furnished,1,1,1,231.99
1576,2,1,4.4,Pitampura,1,Semi-Furnished,1,3,3,132.03
1043,3,2,10.5,Mayur Vihar,1,Unfurnished,1,11,14,48.19
1175,1,1,8.8,Rajouri Garden,2,Furnished,1,8,14,109.94
1583,5,5,0.5,Pitampura,2,Furnished,1,2,4,263.66
944,3,3,9.2,Preet Vihar,0,Semi-Furnished,1,2,3,48.15
1042,2,2,10.4,Dwarka,1,Furnished,1,4,12,112.48
788,3,2,7.2,Shahdara,1,Semi-Furnished,1,1,1,40.97
1177,4,3,2.6,Janakpuri,0,Semi-Furnished,0,5,20,79.5
1117,2,2,26.4,Lajpat Nagar,0,Semi-Furnished,0,1,1,76.08
1435,4,4,9.2,Lajpat Nagar,0,Furnished,0,1,1,209.92
1346,3,3,6.2,Khan Market,0,Unfurnished,1,1,1,310.36
1614,3,3,20.9,Lajpat Nagar,2,Furnished,1,1,1,178.07
1534,5,5,3.3,Lajpat Nagar,2,Semi-Furnished,1,2,2,342.77
428,3,3,0.1,Shahdara,0,Unfurnished,1,1,1,20.84
1452,3,3,4.1,Vasant Vihar,0,Furnished,0,7,12,255.38
1822,1,1,17.0,Vikaspuri,1,Furnished,0,3,5,66.6
1052,3,3,5.1,Connaught Place,0,Unfurnished,0,1,1,219.65
1564,3,3,19.2,Pitampura,0,Furnished,1,9,9,117.19
400,2,2,18.4,Pitampura,1,Furnished,1,2,2,31.82
1342,3,3,4.4,Karol Bagh,1,Unfurnished,1,2,8,197.38
1053,2,2,4.6,Greater Kailash,0,Semi-Furnished,1,8,12,203.43
2093,2,2,9.1,Paschim Vihar,1,Semi-Furnished,1,3,3,112.03
1559,2,2,4.5,Paschim Vihar,2,Unfurnished,0,2,2,76.28
725,1,1,6.6,Connaught Place,2,Unfurnished,1,4,4,154.42
1676,2,1,3.4,Vikaspuri,2,Unfurnished,1,8,10,111.08
1628,1,1,16.7,Rohini,2,Unfurnished,1,1,1,98.76
612,3,2,12.5,Vikaspuri,1,Unfurnished,0,2,8,26.0
713,4,4,6.8,Lajpat Nagar,0,Unfurnished,1,1,17,107.17
1232,3,3,0.8,Rajouri Garden,1,Unfurnished,0,1,1,142.32
1390,2,2,7.2,Dilshad Garden,0,Furnished,1,10,11,53.35
1652,3,2,0.1,Dwarka,1,Unfurnished,1,18,19,180.35
1142,2,2,12.5,Defence Colony,2,Semi-Furnished,1,12,13,230.74
968,3,3,1.5,Pitampura,1,Furnished,1,17,20,111.81
1847,1,1,6.3,Vikaspuri,1,Semi-Furnished,0,1,3,118.6
1335,2,2,2.7,Dwarka,0,Unfurnished,1,1,1,133.1
1804,3,3,4.1,Rajouri Garden,2,Furnished,1,2,6,195.48
868,2,2,2.7,Mayur Vihar,0,Unfurnished,0,10,10,32.45
1430,3,3,25.3,Karol Bagh,1,Unfurnished,1,1,1,77.83
762,2,2,15.7,Rajouri Garden,2,Furnished,1,6,15,77.12
1443,2,2,9.0,Karol Bagh,2,Unfurnished,1,14,19,155.69
687,2,2,2.7,Ghaziabad,2,Unfurnished,0,1,1,18.02
668,3,2,2.1,Mayur Vihar,1,Semi-Furnished,1,1,1,34.59
1894,5,5,3.7,Dilshad Garden,2,Unfurnished,0,9,14,89.06
1322,5,5,0.7,Khan Market,2,Semi-Furnished,0,1,1,331.18
894,3,3,3.1,Defence Colony,2,Unfurnished,1,1,1,225.04
1175,3,3,5.2,Ghaziabad,1,Semi-Furnished,1,10,16,52.09
1255,3,3,15.7,Karol Bagh,1,Unfurnished,0,1,2,120.79
1002,4,3,0.5,Ghaziabad,0,Unfurnished,0,3,6,39.73
828,4,4,1.5,Ghaziabad,1,Semi-Furnished,0,4,6,33.36
1593,4,4,5.7,Dilshad Garden,0,Semi-Furnished,0,2,10,55.92
413,4,4,8.9,Ghaziabad,0,Unfurnished,1,1,1,13.62
933,4,3,5.1,Ghaziabad,1,Semi-Furnished,1,11,13,42.77
400,5,5,16.4,Vikaspuri,2,Furnished,1,1,1,30.94
1255,3,3,2.8,Ghaziabad,1,Unfurnished,0,8,9,36.65
659,3,3,0.3,Karol Bagh,0,Unfurnished,1,2,2,78.0
857,4,4,4.9,Dwarka,1,Semi-Furnished,0,1,1,91.8
1402,2,2,6.1,Vasant Vihar,0,Semi-Furnished,0,1,1,215.8
1346,3,2,0.3,Janakpuri,0,Unfurnished,1,1,10,92.6
1522,3,3,0.6,Pitampura,2,Unfurnished,0,10,13,125.92
1503,3,3,19.9,Pitampura,0,Furnished,0,11,11,71.87
811,4,4,10.5,Preet Vihar,1,Unfurnished,1,9,16,43.15
1188,3,2,13.0,Vikaspuri,1,Semi-Furnished,1,1,1,81.84
999,3,3,3.3,Karol Bagh,1,Unfurnished,0,4,5,95.0
1458,1,1,16.6,Preet Vihar,0,Unfurnished,1,2,8,41.31
1674,2,1,0.8,Ghaziabad,1,Semi-Furnished,0,1,4,65.94
1364,1,1,25.6,Dwarka,0,Unfurnished,1,10,12,58.55
1114,3,3,4.2,Paschim Vihar,0,Furnished,0,3,4,78.63
1464,4,3,6.1,Dilshad Garden,1,Semi-Furnished,0,2,3,73.34
1413,4,4,6.0,Dwarka,2,Unfurnished,1,10,14,146.37
904,4,4,11.2,South Extension,1,Unfurnished,0,12,12,126.2
1515,3,3,3.0,Vasant Vihar,1,Unfurnished,1,3,8,268.88
1130,4,4,2.4,Janakpuri,2,Unfurnished,1,2,5,105.53
1242,3,3,3.1,Greater Kailash,1,Furnished,1,1,2,316.53
678,2,2,19.7,Shahdara,1,Unfurnished,1,9,10,20.2
1124,2,2,8.1,Lajpat Nagar,1,Unfurnished,1,1,1,115.72
974,2,2,4.9,Mayur Vihar,0,Furnished,1,1,1,49.54
1211,5,5,6.2,Rajouri Garden,1,Semi-Furnished,0,1,10,135.83
964,3,3,5.1,Defence Colony,1,Unfurnished,1,14,20,206.14
479,1,1,15.9,Connaught Place,2,Furnished,1,2,3,97.98
668,2,2,32.6,Janakpuri,1,Unfurnished,1,6,6,21.1
1021,3,3,3.1,Greater Kailash,0,Unfurnished,0,1,1,153.12
877,3,3,8.6,Janakpuri,0,Semi-Furnished,0,1,9,64.46
411,5,5,0.5,Connaught Place,0,Furnished,0,5,8,139.39
628,2,2,0.6,Shahdara,2,Unfurnished,1,1,1,35.93
1212,2,2,0.5,Mayur Vihar,1,Semi-Furnished,1,1,2,80.36
603,2,2,10.9,Pitampura,1,Unfurnished,1,14,19,48.8
1716,2,2,1.1,Defence Colony,1,Semi-Furnished,1,5,19,410.7
1290,2,2,9.8,Connaught Place,1,Unfurnished,0,5,14,220.84
2281,2,2,9.0,Pitampura,0,Semi-Furnished,0,3,3,144.83
674,3,3,5.6,Shahdara,2,Semi-Furnished,1,2,3,35.14
1945,1,1,6.2,Rohini,2,Unfurnished,0,9,13,123.85
1274,3,3,3.6,Greater Kailash,1,Semi-Furnished,0,1,1,237.96
1145,2,2,2.9,Ghaziabad,1,Unfurnished,0,1,1,31.1
844,3,3,4.3,Dilshad Garden,1,Semi-Furnished,1,1,1,42.46
1335,2,1,4.5,Pitampura,2,Semi-Furnished,1,1,1,129.54
1093,3,3,11.8,Rajouri Garden,0,Semi-Furnished,0,9,9,107.54
1984,3,2,2.7,Defence Colony,1,Unfurnished,0,6,8,373.59
1017,4,4,16.2,Pitampura,1,Semi-Furnished,0,6,16,68.73
1878,4,3,6.3,Janakpuri,1,Unfurnished,0,7,7,139.27
811,4,4,25.3,Lajpat Nagar,0,Unfurnished,0,2,10,57.71
1391,3,3,24.4,Paschim Vihar,1,Furnished,0,1,1,45.54
1458,3,3,7.5,Connaught Place,0,Unfurnished,1,18,20,333.62
973,2,2,0.5,Dilshad Garden,1,Semi-Furnished,1,3,19,51.01
817,4,4,2.5,Dilshad Garden,2,Unfurnished,1,5,8,46.0
960,3,3,1.7,Khan Market,1,Semi-Furnished,1,17,20,291.64
913,4,4,23.3,Greater Kailash,2,Semi-Furnished,0,11,13,127.53
2496,4,4,8.7,Lajpat Nagar,1,Semi-Furnished,1,6,19,425.86
1022,5,5,9.8,Mayur Vihar,0,Unfurnished,1,11,14,59.29
1605,2,1,1.0,Preet Vihar,1,Unfurnished,0,1,16,79.14
1399,4,3,37.0,Karol Bagh,0,Furnished,0,2,13,56.11
930,4,4,15.1,Mayur Vihar,2,Furnished,1,4,4,60.98
1114,2,2,3.1,Preet Vihar,2,Furnished,0,12,13,65.95
1392,3,3,17.6,Rajouri Garden,1,Unfurnished,1,1,1,103.38
1603,4,4,20.4,Shahdara,1,Unfurnished,0,1,7,46.7
546,2,2,5.8,Greater Kailash,1,Semi-Furnished,1,1,1,103.25
1267,4,4,1.7,Janakpuri,1,Unfurnished,1,5,14,127.15
779,3,2,10.4,Dwarka,2,Unfurnished,1,8,10,64.17
1906,3,3,26.7,Janakpuri,0,Furnished,0,8,10,99.2
1198,2,1,7.8,Karol Bagh,2,Unfurnished,1,3,3,161.97
1274,3,3,3.4,Ghaziabad,1,Unfurnished,0,8,10,43.23
1819,3,3,0.3,Vikaspuri,1,Unfurnished,1,1,1,146.58
1376,2,2,0.4,Dilshad Garden,0,Unfurnished,1,6,19,52.97
1135,4,4,6.0,Greater Kailash,2,Unfurnished,0,8,17,200.51
1272,2,2,2.9,Shahdara,1,Unfurnished,1,1,4,56.36
1138,4,4,5.9,Dwarka,1,Unfurnished,1,16,18,108.41
895,2,2,8.6,Preet Vihar,1,Furnished,1,7,12,50.32
1947,2,2,3.3,Dwarka,1,Furnished,1,2,9,211.26
635,3,3,2.8,Dilshad Garden,2,Semi-Furnished,1,5,6,34.71
1055,3,3,0.0,South Extension,2,Semi-Furnished,0,3,3,163.44
913,2,2,15.4,Pitampura,2,Unfurnished,1,2,11,52.75
607,3,3,22.6,Rohini,1,Unfurnished,0,2,6,27.01
1654,4,3,4.6,Greater Kailash,0,Unfurnished,1,1,1,344.75
2095,3,3,16.3,Defence Colony,1,Unfurnished,1,16,16,295.58
1395,1,1,1.0,Dwarka,1,Furnished,0,2,8,121.43
435,3,3,4.2,Mayur Vihar,0,Semi-Furnished,1,4,5,30.05
979,2,1,14.6,Rohini,1,Unfurnished,1,16,17,56.93
1832,1,1,4.9,Preet Vihar,1,Semi-Furnished,1,11,14,81.17
1189,3,3,2.6,Defence Colony,1,Semi-Furnished,1,9,13,318.17
606,3,3,12.2,Janakpuri,1,Unfurnished,0,3,4,28.34
1126,4,4,6.2,Connaught Place,1,Semi-Furnished,1,5,7,246.21
1113,3,3,1.6,Ghaziabad,1,Unfurnished,1,1,1,38.34
892,1,1,3.1,Paschim Vihar,0,Unfurnished,1,6,11,49.75
1983,2,1,18.8,Janakpuri,1,Semi-Furnished,1,3,3,117.67
1260,1,1,6.0,Khan Market,2,Furnished,0,4,15,245.8
890,3,3,0.3,Dilshad Garden,2,Furnished,1,1,1,50.41
1215,2,2,11.3,Dwarka,0,Furnished,1,11,15,121.18
1073,3,3,4.8,Karol Bagh,2,Semi-Furnished,0,2,3,117.2
1414,3,3,2.8,Shahdara,0,Semi-Furnished,1,1,1,77.4
1250,2,2,2.4,Khan Market,2,Semi-Furnished,1,2,2,342.92
554,4,4,10.3,Dwarka,1,Furnished,1,4,6,58.73
877,1,1,13.8,Rohini,1,Semi-Furnished,0,1,1,56.07
1154,2,2,3.4,Pitampura,0,Semi-Furnished,1,1,18,93.85
1320,1,1,1.2,Dilshad Garden,0,Furnished,1,1,16,52.52
759,3,3,15.7,Greater Kailash,0,Furnished,0,9,20,110.11
995,2,1,10.1,Khan Market,1,Furnished,0,10,11,199.14
1101,2,1,1.9,Greater Kailash,2,Semi-Furnished,1,6,6,186.79
1131,3,3,6.1,Defence Colony,0,Unfurnished,1,11,11,242.39
1439,2,2,19.3,Dwarka,0,Semi-Furnished,1,14,15,98.41
1318,1,1,3.2,Khan Market,1,Unfurnished,0,2,9,208.12
900,2,2,0.3,Khan Market,1,Semi-Furnished,1,5,5,221.31
1576,3,3,16.7,Dwarka,1,Unfurnished,1,6,14,99.66
1397,2,2,6.1,Greater Kailash,0,Furnished,1,1,1,277.69
874,3,3,26.3,Khan Market,1,Semi-Furnished,1,1,1,131.51
1813,2,2,8.6,South Extension,2,Unfurnished,0,1,1,255.45
1039,1,1,3.3,Pitampura,0,Unfurnished,1,6,9,80.51
546,2,2,3.0,Janakpuri,0,Semi-Furnished,0,1,1,33.36
1463,2,2,2.4,Connaught Place,0,Unfurnished,0,1,1,288.65
400,3,3,3.0,Pitampura,1,Furnished,1,1,1,46.71
892,2,2,29.7,Paschim Vihar,1,Semi-Furnished,0,1,7,18.86
910,3,3,19.2,Greater Kailash,0,Unfurnished,0,2,12,93.76
502,3,3,7.1,Defence Colony,1,Furnished,1,1,1,110.39
693,4,4,31.7,Karol Bagh,1,Unfurnished,0,15,15,38.69
711,3,3,3.4,Vikaspuri,1,Unfurnished,1,10,12,60.64
400,2,1,3.3,Rajouri Garden,0,Semi-Furnished,1,13,16,47.88
1064,1,1,27.9,Shahdara,1,Unfurnished,1,3,17,22.21
1223,2,1,5.2,Paschim Vihar,0,Semi-Furnished,1,16,20,77.34
1312,3,3,0.2,Shahdara,2,Furnished,0,1,1,57.45
1423,3,3,8.9,Pitampura,1,Furnished,0,1,1,91.51
788,3,3,2.7,Rohini,1,Semi-Furnished,1,1,1,82.1
1408,4,4,11.5,South Extension,1,Furnished,1,9,9,246.09
1085,2,2,5.8,Khan Market,1,Furnished,1,3,7,278.65
1114,2,2,7.0,Khan Market,0,Unfurnished,1,2,7,177.43
1543,1,1,6.6,Pitampura,1,Unfurnished,1,13,19,89.99
1567,3,3,4.8,Mayur Vihar,2,Semi-Furnished,1,10,10,107.41
1617,4,4,0.6,Pitampura,1,Semi-Furnished,1,3,5,170.39
1349,3,2,6.8,Vikaspuri,1,Furnished,1,8,15,128.35
896,2,2,0.5,Karol Bagh,1,Semi-Furnished,0,3,5,106.21
986,3,2,6.3,Dwarka,0,Semi-Furnished,1,14,17,103.45
876,4,4,10.5,Janakpuri,2,Unfurnished,1,1,6,58.04
1462,3,3,6.1,Vikaspuri,2,Unfurnished,1,3,9,99.08
1021,2,2,9.8,Connaught Place,1,Unfurnished,0,4,8,152.86
1574,1,1,2.1,Pitampura,0,Furnished,1,1,19,140.62
700,2,2,3.0,Mayur Vihar,2,Unfurnished,1,1,1,40.82
1510,2,1,8.4,Lajpat Nagar,1,Unfurnished,0,18,19,157.75
881,2,2,12.6,Vasant Vihar,1,Semi-Furnished,0,4,7,101.01
1833,5,4,4.0,Rohini,1,Semi-Furnished,0,1,1,163.36
1170,4,4,9.0,Rohini,1,Unfurnished,1,7,16,118.35
877,4,3,8.4,Paschim Vihar,1,Semi-Furnished,0,11,11,50.92
1527,3,3,9.2,Ghaziabad,1,Semi-Furnished,1,11,18,48.21
692,2,2,50.0,South Extension,1,Unfurnished,0,1,1,1.0
1558,4,4,5.0,Khan Market,1,Semi-Furnished,1,3,17,393.01
1456,3,2,21.0,Connaught Place,1,Semi-Furnished,1,7,7,287.65
1480,4,4,8.0,Rajouri Garden,1,Unfurnished,0,1,4,154.33
1681,1,1,2.6,Lajpat Nagar,1,Semi-Furnished,0,6,18,206.69
552,4,4,4.9,Paschim Vihar,2,Unfurnished,0,4,7,32.73
1305,3,3,0.8,Pitampura,1,Furnished,1,2,8,114.46
865,3,3,1.4,Janakpuri,1,Furnished,0,8,18,61.04
1392,1,1,2.0,Paschim Vihar,1,Unfurnished,0,2,4,62.34
764,2,2,50.0,Rohini,0,Semi-Furnished,0,4,11,1.0
662,3,3,0.2,Connaught Place,0,Unfurnished,1,3,11,194.38
752,2,2,12.3,Connaught Place,0,Semi-Furnished,1,8,9,113.16
1240,3,3,10.9,Dilshad Garden,2,Semi-Furnished,1,4,18,65.92
1638,2,2,16.1,Pitampura,1,Semi-Furnished,0,11,12,83.3
1420,2,2,3.9,Lajpat Nagar,1,Semi-Furnished,0,7,7,164.83
609,3,2,5.8,Ghaziabad,1,Semi-Furnished,1,12,13,26.9
950,2,2,15.4,Greater Kailash,1,Semi-Furnished,1,14,14,132.75
1310,4,3,13.0,Connaught Place,0,Unfurnished,1,7,18,335.21
978,3,3,3.3,Vasant Vihar,0,Furnished,0,1,1,177.93
1028,3,3,5.1,Dwarka,1,Unfurnished,1,17,18,107.38
2132,2,2,0.2,Ghaziabad,1,Unfurnished,1,8,15,79.79
834,3,3,2.7,Vikaspuri,1,Unfurnished,0,1,1,51.62
1642,2,2,9.9,Paschim Vihar,1,Semi-Furnished,0,1,1,79.6
1604,2,2,2.4,Dilshad Garden,1,Semi-Furnished,1,7,19,64.52
755,3,3,3.5,Janakpuri,2,Unfurnished,1,1,1,57.03
1292,3,3,0.4,Vasant Vihar,1,Semi-Furnished,0,14,19,248.56
1084,1,1,7.8,Lajpat Nagar,0,Furnished,1,11,16,136.25
913,3,3,3.4,Defence Colony,1,Unfurnished,0,11,19,207.83
1089,2,2,7.0,Dwarka,2,Furnished,1,4,5,111.32
427,2,2,1.5,Pitampura,0,Unfurnished,0,7,10,26.24
400,2,2,0.2,Shahdara,1,Semi-Furnished,1,9,12,23.4
1108,2,1,13.1,Karol Bagh,2,Unfurnished,1,3,11,101.2
1379,3,3,0.0,Vikaspuri,0,Unfurnished,1,4,6,115.43
984,2,1,12.8,Karol Bagh,2,Unfurnished,0,4,8,91.59
1063,4,4,1.9,Vasant Vihar,2,Unfurnished,1,1,3,210.1
1406,3,3,0.2,Vasant Vihar,0,Unfurnished,1,1,1,244.64
1759,5,5,13.0,Rajouri Garden,1,Semi-Furnished,0,1,1,202.87
579,1,1,6.5,Greater Kailash,1,Semi-Furnished,0,1,3,95.59
1716,3,2,9.5,Vikaspuri,2,Semi-Furnished,1,5,8,146.02
961,3,3,5.8,Janakpuri,2,Unfurnished,1,15,18,69.73
1531,4,4,6.1,Ghaziabad,0,Unfurnished,1,17,19,49.22
1112,2,2,0.3,Dwarka,0,Furnished,1,2,4,126.45
1209,4,4,1.1,Lajpat Nagar,1,Semi-Furnished,0,4,16,216.28
400,3,3,8.0,Connaught Place,0,Unfurnished,1,1,3,91.85
1166,3,3,5.8,Dwarka,1,Unfurnished,1,15,20,111.09
914,2,2,15.3,Mayur Vihar,1,Semi-Furnished,0,9,9,32.05
1026,3,2,8.6,Lajpat Nagar,1,Semi-Furnished,0,13,19,138.7
1046,2,2,3.2,Vasant Vihar,1,Furnished,1,1,1,168.7
1047,2,2,16.6,Ghaziabad,0,Unfurnished,1,6,6,23.43
945,3,2,2.8,Preet Vihar,1,Semi-Furnished,1,2,3,63.93
2203,3,3,5.2,Pitampura,2,Furnished,1,17,18,269.1
1326,3,3,22.4,Preet Vihar,0,Semi-Furnished,1,2,3,47.73
1734,3,3,3.6,Karol Bagh,1,Unfurnished,1,8,9,231.62
753,3,2,14.4,Lajpat Nagar,1,Semi-Furnished,0,5,8,97.44
1629,2,2,2.2,Khan Market,2,Semi-Furnished,1,4,5,361.88
481,3,3,1.1,Greater Kailash,0,Furnished,0,1,1,102.44
858,2,2,6.6,Mayur Vihar,0,Unfurnished,0,1,1,33.45
1013,5,5,3.0,Connaught Place,2,Furnished,0,6,19,403.49
1298,5,5,6.8,Paschim Vihar,1,Semi-Furnished,1,14,19,98.36
1993,3,3,19.2,Rajouri Garden,1,Unfurnished,1,6,11,157.64
1550,4,3,0.8,Defence Colony,1,Unfurnished,1,3,7,397.63
1562,2,2,5.2,Defence Colony,1,Unfurnished,0,8,16,263.89
1987,2,2,9.6,Vikaspuri,2,Semi-Furnished,1,1,1,133.52
1138,3,3,2.9,Paschim Vihar,2,Furnished,0,8,20,83.86
1146,3,3,8.0,Mayur Vihar,1,Furnished,1,14,19,66.02
1474,3,3,0.6,Rajouri Garden,2,Semi-Furnished,0,16,20,166.57
1454,3,2,15.0,Greater Kailash,1,Semi-Furnished,1,2,12,231.13
2377,3,3,23.8,Vasant Vihar,2,Furnished,1,1,1,330.02
1185,4,4,11.0,Khan Market,1,Unfurnished,0,2,3,179.54
1382,4,4,5.4,Preet Vihar,2,Unfurnished,0,2,11,79.42
1192,1,1,14.8,Shahdara,1,Furnished,1,11,15,48.98
750,2,2,1.5,South Extension,1,Semi-Furnished,1,9,9,131.79
400,2,2,17.0,Mayur Vihar,1,Semi-Furnished,0,10,16,14.12
1074,4,4,5.9,Dilshad Garden,1,Semi-Furnished,0,1,1,47.41
1418,2,2,4.7,Lajpat Nagar,0,Unfurnished,1,1,1,186.74
1526,3,3,2.8,Preet Vihar,0,Furnished,1,7,11,88.36
1090,3,3,50.0,Lajpat Nagar,0,Unfurnished,1,8,8,1.0
721,4,3,3.0,Preet Vihar,1,Unfurnished,1,1,1,41.28
709,3,3,0.9,Mayur Vihar,0,Semi-Furnished,0,7,9,40.69
1236,3,3,23.8,Mayur Vihar,1,Furnished,1,1,1,52.63
775,2,2,10.3,Mayur Vihar,0,Unfurnished,1,6,6,36.63
1214,3,2,1.3,Greater Kailash,2,Unfurnished,1,5,5,267.58
924,4,4,3.3,Dwarka,1,Semi-Furnished,1,1,7,91.7
1211,2,2,9.4,Connaught Place,0,Furnished,1,19,20,304.38
1118,3,3,1.4,Rajouri Garden,2,Furnished,1,1,1,159.95
1209,1,1,1.6,Vasant Vihar,1,Unfurnished,0,8,8,127.93
1890,3,3,3.8,South Extension,0,Unfurnished,0,11,11,259.03
879,3,3,1.7,Dwarka,1,Unfurnished,0,1,3,81.69
1444,3,2,4.9,Pitampura,2,Unfurnished,0,10,14,115.67
1126,4,4,4.7,Rajouri Garden,1,Semi-Furnished,0,1,1,139.84
928,3,2,0.4,Vasant Vihar,0,Unfurnished,1,15,19,159.19
798,2,2,2.3,Connaught Place,0,Semi-Furnished,1,4,11,232.47
1283,3,3,3.3,Connaught Place,1,Furnished,1,1,4,376.44
1144,2,2,10.9,Dwarka,0,Furnished,1,3,5,98.34
995,3,3,12.5,Dwarka,1,Unfurnished,1,7,13,87.66
1183,2,2,4.1,Rajouri Garden,1,Furnished,0,1,8,95.44
1458,3,3,10.7,Preet Vihar,1,Semi-Furnished,1,2,20,74.45
1369,4,4,1.7,Paschim Vihar,1,Furnished,0,3,10,115.71
1598,1,1,1.4,Vasant Vihar,1,Unfurnished,1,1,3,264.53
1050,3,3,3.1,Pitampura,1,Unfurnished,1,13,16,94.13
675,2,1,2.3,Dwarka,1,Furnished,0,7,18,72.25
1641,3,3,2.4,Rajouri Garden,1,Unfurnished,0,1,6,169.88
1586,3,3,3.9,Greater Kailash,1,Furnished,0,2,9,340.83
1676,1,1,0.2,Defence Colony,1,Unfurnished,0,2,6,249.2
977,3,3,11.7,Defence Colony,2,Semi-Furnished,0,1,6,162.55
1212,3,3,5.6,Mayur Vihar,0,Semi-Furnished,0,2,10,50.16
1449,3,2,5.2,South Extension,0,Unfurnished,0,14,14,167.54
1222,3,3,1.4,Karol Bagh,0,Unfurnished,0,1,1,123.58
1119,3,3,7.4,Rohini,0,Unfurnished,1,1,1,107.91
747,3,3,2.9,Janakpuri,2,Furnished,1,2,5,83.15
908,2,2,38.3,Mayur Vihar,1,Furnished,0,7,14,14.02
1431,3,3,1.6,Shahdara,2,Unfurnished,0,7,13,62.03
2081,5,5,7.6,Preet Vihar,2,Unfurnished,1,1,1,99.55
1310,3,2,0.0,Rajouri Garden,1,Semi-Furnished,0,4,8,149.23
1501,3,3,21.3,Vikaspuri,1,Furnished,1,1,4,82.18
1472,3,3,6.1,Greater Kailash,1,Unfurnished,0,1,4,267.45
1519,3,3,3.5,Dwarka,2,Semi-Furnished,1,19,20,203.98
2240,3,3,4.2,Lajpat Nagar,1,Semi-Furnished,1,1,1,293.07
1367,2,1,45.1,Paschim Vihar,2,Unfurnished,1,1,1,8.65
1642,2,2,5.6,Lajpat Nagar,2,Semi-Furnished,1,15,17,241.02
871,3,3,1.3,Vasant Vihar,1,Semi-Furnished,1,7,20,185.83
980,3,3,1.9,Khan Market,0,Semi-Furnished,1,8,15,232.03
400,3,3,22.0,Karol Bagh,1,Unfurnished,0,1,1,31.62
618,2,2,12.9,Shahdara,1,Unfurnished,1,12,13,23.38
1365,3,3,4.2,South Extension,2,Furnished,1,8,10,306.92
1127,2,2,23.6,Paschim Vihar,1,Unfurnished,1,9,11,45.97
843,3,3,14.4,Greater Kailash,2,Unfurnished,0,1,1,120.97
940,3,3,16.6,Janakpuri,1,Unfurnished,0,13,17,46.49
800,2,2,5.7,Khan Market,1,Furnished,1,2,5,180.15
1016,3,3,8.8,Ghaziabad,2,Furnished,1,6,17,37.86
1736,3,2,2.9,Shahdara,0,Furnished,1,1,1,94.72
672,3,3,24.1,Dilshad Garden,1,Semi-Furnished,0,16,18,15.63
1155,3,3,0.7,Defence Colony,1,Semi-Furnished,1,1,1,250.46
1147,2,2,3.2,Vasant Vihar,2,Furnished,1,2,4,258.35
1702,3,3,10.4,Karol Bagh,1,Unfurnished,1,6,7,199.22
1392,3,3,22.0,Karol Bagh,0,Unfurnished,1,3,3,103.99
939,3,3,7.7,Connaught Place,2,Unfurnished,0,13,15,185.83
1046,3,3,7.7,Karol Bagh,1,Unfurnished,1,13,18,121.07
1564,3,3,5.2,Janakpuri,0,Furnished,1,2,9,130.21
1235,2,1,8.5,Ghaziabad,1,Semi-Furnished,1,5,19,39.64
864,3,3,6.9,Paschim Vihar,2,Semi-Furnished,1,6,12,59.56
1802,3,3,2.1,Karol Bagh,1,Unfurnished,1,20,20,257.91
1736,3,3,1.5,Ghaziabad,1,Semi-Furnished,1,2,2,59.91
909,3,3,1.5,Preet Vihar,1,Unfurnished,0,2,12,39.25
881,3,2,2.3,Lajpat Nagar,1,Unfurnished,1,1,1,134.81
852,2,1,4.6,Rajouri Garden,0,Unfurnished,0,8,12,90.4
1127,2,2,16.2,Janakpuri,1,Furnished,1,9,9,68.53
1172,2,2,5.5,Karol Bagh,1,Unfurnished,0,1,7,126.14
1279,3,3,4.0,Preet Vihar,1,Unfurnished,1,2,7,73.98
400,4,4,9.4,Rohini,1,Semi-Furnished,1,4,8,36.75
1385,2,1,0.8,Rajouri Garden,0,Unfurnished,1,4,13,148.87
1581,2,2,5.9,Defence Colony,0,Furnished,1,8,20,381.31
985,1,1,29.8,South Extension,1,Furnished,1,6,20,77.73
691,3,3,2.7,Vasant Vihar,2,Unfurnished,0,9,10,114.75
1602,3,3,3.9,Karol Bagh,2,Semi-Furnished,1,3,10,285.06
815,1,1,2.6,Pitampura,1,Semi-Furnished,1,1,1,55.42
1038,4,4,3.1,Pitampura,1,Furnished,0,6,11,107.75
986,2,2,5.8,Janakpuri,2,Furnished,0,1,8,67.89
1138,4,4,12.1,Vasant Vihar,1,Unfurnished,1,1,1,173.31
1709,3,3,4.9,Ghaziabad,1,Furnished,1,1,1,75.84
1248,1,1,17.2,Pitampura,1,Furnished,1,6,10,82.48
1537,4,4,3.7,Khan Market,1,Unfurnished,0,1,1,305.53
786,2,2,1.7,Karol Bagh,1,Semi-Furnished,0,7,13,114.18
1735,2,2,12.4,Lajpat Nagar,0,Furnished,0,2,10,172.57
1451,1,1,1.5,Paschim Vihar,2,Furnished,1,2,3,123.48
1273,2,2,18.8,Khan Market,2,Unfurnished,0,8,8,147.18
1898,2,2,4.6,Defence Colony,1,Semi-Furnished,1,1,1,442.14
1445,1,1,3.9,Vikaspuri,1,Furnished,0,5,11,108.32
1503,3,3,48.0,Paschim Vihar,1,Unfurnished,0,2,16,3.46
1473,2,2,17.9,Defence Colony,2,Unfurnished,0,7,10,208.97
1243,3,3,0.4,Dwarka,1,Unfurnished,1,8,12,151.94
984,2,1,28.9,Shahdara,0,Semi-Furnished,1,1,1,20.3
1449,2,2,22.2,Greater Kailash,1,Unfurnished,0,6,12,154.04
1112,3,3,12.1,South Extension,1,Semi-Furnished,1,4,6,147.75
1027,4,4,2.7,Lajpat Nagar,1,Unfurnished,1,6,19,204.1
899,3,3,40.6,Shahdara,1,Unfurnished,1,2,4,10.68
546,2,1,5.9,Janakpuri,1,Unfurnished,0,3,9,33.08
762,2,2,5.9,Shahdara,1,Furnished,1,2,2,33.12
499,1,1,3.5,Dilshad Garden,1,Unfurnished,1,1,1,17.48
857,4,4,6.1,Shahdara,0,Unfurnished,0,1,1,37.7
750,3,3,2.8,Preet Vihar,0,Unfurnished,1,1,1,41.19
1509,4,4,0.6,Preet Vihar,1,Semi-Furnished,1,8,8,111.6
1641,2,2,7.3,South Extension,0,Unfurnished,1,12,17,230.85
1478,1,1,15.4,Shahdara,0,Semi-Furnished,1,3,4,51.88
1240,4,4,0.5,Preet Vihar,1,Furnished,1,9,19,99.9
870,3,3,6.9,Lajpat Nagar,0,Unfurnished,1,1,1,106.68
455,1,1,22.6,Janakpuri,2,Semi-Furnished,1,6,6,22.14
1905,4,4,3.5,Vikaspuri,1,Semi-Furnished,1,3,3,184.85
1235,3,3,6.0,Dwarka,0,Unfurnished,0,6,18,100.63
2009,3,3,0.1,Ghaziabad,1,Unfurnished,1,1,2,89.34
1462,3,3,8.4,Vikaspuri,0,Unfurnished,1,9,18,95.2
734,3,3,16.6,Shahdara,0,Unfurnished,0,4,11,19.12
1241,4,4,1.9,Shahdara,1,Semi-Furnished,1,2,4,80.11
1358,3,3,11.1,Paschim Vihar,0,Semi-Furnished,1,2,3,77.26
1294,2,2,4.5,Dwarka,0,Semi-Furnished,1,1,14,132.59
1141,3,2,0.0,Rajouri Garden,1,Semi-Furnished,0,1,14,143.28
1379,3,2,2.7,Rajouri Garden,2,Unfurnished,1,6,7,173.72
664,4,4,38.5,Dwarka,0,Unfurnished,1,12,18,16.56
1130,2,2,3.2,Defence Colony,1,Unfurnished,1,2,3,227.86
913,5,5,3.6,Shahdara,1,Unfurnished,1,2,18,44.59
1407,3,3,6.4,Mayur Vihar,2,Furnished,1,3,5,89.52
1801,2,2,4.0,Ghaziabad,0,Furnished,0,6,12,60.25
1071,3,3,6.5,Mayur Vihar,0,Semi-Furnished,0,5,15,54.17
849,2,2,1.0,South Extension,1,Semi-Furnished,1,5,13,168.84
1554,4,3,4.7,Vikaspuri,2,Semi-Furnished,1,9,13,122.99
1653,2,2,15.9,Rajouri Garden,1,Furnished,0,1,1,156.14
801,2,2,0.8,South Extension,1,Furnished,1,12,12,127.57
995,3,3,3.1,Defence Colony,0,Unfurnished,1,5,12,195.01
1072,3,2,24.7,Rajouri Garden,1,Semi-Furnished,0,9,19,57.29
1223,3,2,6.7,South Extension,1,Semi-Furnished,1,2,8,210.64
2283,1,1,9.0,Shahdara,2,Unfurnished,1,5,5,102.25
1152,2,1,11.5,Greater Kailash,2,Semi-Furnished,1,1,5,187.57
910,4,3,1.8,Vikaspuri,2,Semi-Furnished,1,7,20,103.27
1390,2,2,6.3,South Extension,2,Unfurnished,1,6,10,210.92
